{"cameraMode":{"drawMode":0,"name":"Shaded","section":"Shading Mode"},"sceneLighting":false,"audioPlay":false,"sceneViewState":{"m_AlwaysRefresh":false,"showFog":true,"showSkybox":true,"showFlares":true,"showImageEffects":true,"showParticleSystems":true,"showVisualEffectGraphs":true,"m_FxEnabled":true},"in2DMode":false,"pivot":{"x":1.2095279693603516,"y":0.32406091690063479,"z":-1.3070149421691895},"rotation":{"x":-0.07400970160961151,"y":0.9183259010314941,"z":-0.20613627135753632,"w":-0.32970908284187319},"size":10.571757316589356,"orthographic":false}